,Name,Count,Cluster
0,DOUGH,274,1
1,VANILLA,237,1
2,PAN,214,1
3,HEAT,159,1
4,EGG,158,1
5,CHOCOLATE,156,1
6,ICE,120,1
7,STIR,119,1
8,COOL,113,1
9,CINNAMON,108,1
10,CHEESE,106,1
11,POUR,99,1
12,TEA,96,1
13,COCONUT,95,1
14,SMOOTH,90,1
15,PIE,89,1
16,CRUST,88,1
17,SIDE,88,1
18,SHEET,84,1
19,PREHEAT,84,1
20,WHISK,84,1
21,TOGETHER,82,1
22,SYRUP,76,1
23,COVER,74,1
24,EVENLY,73,1
25,SPRINKLE,71,1
26,CREAMY,69,1
27,CENTER,67,1
28,BEAT,65,1
29,PAPER,65,1
30,ROLL,63,1
31,RACK,62,1
32,PARCHMENT,61,1
33,YEAST,61,1
34,SODA,60,1
35,FRUIT,60,1
36,PEANUT,58,1
37,WARM,56,1
38,GENTLY,56,1
39,ALLOW,56,1
40,HIGH,55,1
41,TRANSFER,54,1
42,GOLDEN,54,1
43,SURFACE,53,1
44,BOTTOM,52,1
45,BATTER,52,1
46,COMPLETELY,51,1
47,HONEY,50,1
48,WHIPPED,47,1
49,STIRRING,47,1
50,PUMPKIN,47,1
51,TOPPING,47,1
52,GINGER,46,1
53,MIXER,46,1
54,CHIP,45,1
55,SLIGHTLY,44,1
56,LEMON,43,1
57,MELTED,43,1
58,TURN,43,1
59,ONTO,42,1
60,PIZZA,42,1
61,TILL,42,1
62,PLASTIC,41,1
63,REFRIGERATOR,40,1
64,CARAMEL,39,1
65,WRAP,39,1
66,CAKE,38,1
67,DONT,37,1
68,FOLD,36,1
69,DAY,36,1
70,COCOA,35,1
71,SPEED,34,1
72,SURE,34,1
73,STAND,34,1
74,SAUCEPAN,34,1
75,BLEND,34,1
76,BLENDER,33,1
77,DESSERT,33,1
78,THICK,33,1
79,DESIRED,33,1
80,AROUND,32,1
81,READY,32,1
82,MAPLE,32,1
83,FORM,32,1
84,SKILLET,31,1
85,FOIL,31,1
86,LINE,31,1
87,SKIPPY,30,1
88,FROSTING,30,1
89,CAREFULLY,29,1
90,PUT,29,1
91,BOIL,29,1
92,ALMOND,29,1
93,WORK,29,1
94,CHILL,28,1
95,CRACKER,28,1
96,STRAWBERRY,28,1
97,HOUR,28,1
98,MICROWAVE,28,1
99,RICE,27,1
100,GRAHAM,27,1
101,UNSWEETENED,27,1
102,CORN,27,1
103,CLEAN,27,1
104,PROCESSOR,27,1
105,MUFFIN,26,1
106,RISE,26,1
107,FREEZE,26,1
108,DRIZZLE,26,1
109,JAM,26,1
110,FORK,25,1
111,EASY,25,1
112,COLD,25,1
113,NUTMEG,25,1
114,MELT,25,1
115,BANANA,25,1
116,DAIRY,25,1
117,WET,25,1
118,KNEAD,25,1
119,CIRCLE,25,1
120,GLUTEN,24,1
121,WIRE,24,1
122,IMMEDIATELY,24,1
123,REFRIGERATE,24,1
124,PUDDING,24,1
125,SIMPLE,23,1
126,VODKA,23,1
127,GARNISH,23,1
128,LINED,23,1
129,PROCESS,23,1
130,OVERNIGHT,23,1
131,LAYER,23,1
132,CHECK,22,1
133,BROWNIE,22,1
134,ROLLING,22,1
135,REDUCE,22,1
136,BASE,22,1
137,BOILING,22,1
138,APPLE,22,1
139,STICKY,22,1
140,TOWEL,22,1
141,FILL,21,1
142,BLENDED,21,1
143,GREASE,21,1
144,EDGE,21,1
145,CHEESECAKE,21,1
146,CHALLAH,21,1
147,FULL,21,1
148,TOAST,19,1
149,MINUTE,19,1
150,COVERED,19,1
151,TEXTURE,19,1
152,FREEZER,19,1
153,BIT,19,1
154,FIRM,19,1
155,LOAF,19,1
156,CORNSTARCH,19,1
157,THOROUGHLY,18,1
158,ENJOY,18,1
159,BRULEE,18,1
160,ROUND,18,1
161,ARRANGE,18,1
162,SOUR,18,1
163,TIP,18,1
164,SLOWLY,18,1
165,SEMI,18,1
166,VEGETABLE,18,1
167,PULSE,18,1
168,STORE,17,1
169,GARLIC,17,1
170,LE,17,1
171,BRUSH,17,1
172,TRIANGLE,17,1
173,FLUFFY,17,1
174,PERFECT,17,1
175,PREPARE,17,1
176,BALL,17,1
177,ACTIVE,17,1
178,X,17,1
179,DOUBLE,16,1
180,POT,16,1
181,BASIL,16,1
182,BUTTERMILK,16,1
183,DUST,16,1
184,MINT,16,1
185,SPICE,16,1
186,WHIPPING,16,1
187,WHIP,16,1
188,CANDY,16,1
189,BAKED,16,1
190,STARTING,15,1
191,GRADUALLY,15,1
192,TRAY,15,1
193,HAM,15,1
194,QUICK,15,1
195,GRILL,15,1
196,CHOP,15,1
197,ELECTRIC,15,1
198,RUBBER,15,1
199,ZEST,15,1
200,VINEGAR,15,1
201,COAT,15,1
202,TOMATO,15,1
203,RETURN,15,1
204,PORK,14,1
205,SIMMER,14,1
206,CEREAL,14,1
207,SOY,14,1
208,LONG,14,1
209,FLIP,14,1
210,DIVIDE,14,1
211,TOOTHPICK,14,1
212,RUM,14,1
213,LEAVE,14,1
214,TOPPED,14,1
215,CUTTING,14,1
216,TURNING,14,1
217,FINE,14,1
218,FULLY,14,1
219,REPEAT,13,1
220,RAW,13,1
221,SQUEEZE,13,1
222,FUDGE,13,1
223,SHELL,13,1
224,SEASON,13,1
225,MANGO,13,1
226,PIN,13,1
227,PEEL,13,1
228,WINE,13,1
229,POPCORN,13,1
230,SHAKE,13,1
231,PLATE,13,1
232,WASH,13,1
233,LIME,13,1
234,TRY,13,1
235,BREAKFAST,13,1
236,JELLY,13,1
237,GO,13,1
238,MEANWHILE,13,1
239,MUSTARD,13,1
240,INSIDE,12,1
241,INSERTED,12,1
242,DRAIN,12,1
243,FLAVORED,12,1
244,COOLING,12,1
245,HALFWAY,12,1
246,STRAIN,12,1
247,CONSTANTLY,12,1
248,CARDAMOM,12,1
249,RIPE,12,1
250,WHEAT,12,1
251,FAVORITE,12,1
252,END,12,1
253,STRAINER,12,1
254,FLAT,12,1
255,BOARD,12,1
256,ATTACHMENT,12,1
257,STIFF,12,1
258,PREVENT,12,1
259,PYRAMID,12,1
260,AHEAD,11,1
261,ZUCCHINI,11,1
262,RIGHT,11,1
263,MERINGUE,11,1
264,EXCESS,11,1
265,INCORPORATED,11,1
266,LEFT,11,1
267,BACON,11,1
268,SIT,11,1
269,LOOK,11,1
270,MUG,11,1
271,CUPCAKE,11,1
272,TENDER,11,1
273,POTATO,11,1
274,SLICING,11,1
275,FLAVOR,11,1
276,SQUARE,11,1
277,YOLK,11,1
278,CHILLED,11,1
279,SAFE,11,1
280,SEEDLESS,11,1
281,SCRAPE,11,1
282,COATED,11,1
283,FILLED,11,1
284,TREAT,11,1
285,ROASTING,10,1
286,COUNTER,10,1
287,SANDWICH,10,1
288,THEYRE,10,1
289,AIRTIGHT,10,1
290,SIFT,10,1
291,NECTAR,10,1
292,WIDE,10,1
293,COARSE,10,1
294,PEPPERMINT,10,1
295,DOESNT,10,1
296,PITTED,10,1
297,PASTRY,10,1
298,ICING,10,1
299,DISK,10,1
300,POD,10,1
301,SEPARATE,10,1
302,COLOR,10,1
303,MACAROON,10,1
304,TOSS,9,1
305,MOIST,9,1
306,CHUNK,9,1
307,SEAL,9,1
308,CLASSIC,9,1
309,CLOVER,9,1
310,PRO,9,1
311,SEVERAL,9,1
312,FOAMY,9,1
313,SALTED,9,1
314,HEALTHY,9,1
315,YOUVE,9,1
316,TART,9,1
317,PEACH,9,1
318,SHAKER,9,1
319,DISSOLVE,9,1
320,GRAPE,9,1
321,CRISP,9,1
322,TIN,9,1
323,SUPER,9,1
324,PUREE,9,1
325,MIXED,9,1
326,CUSTARD,9,1
327,START,9,1
328,BAR,9,1
329,UNBLEACHED,9,1
330,ORGANIC,9,1
331,STICKING,9,1
332,CUTTER,9,1
333,CRUMBLY,8,1
334,PANCAKE,8,1
335,WHISKING,8,1
336,BEAN,8,1
337,LAVENDER,8,1
338,SWEETENER,8,1
339,RICH,8,1
340,PREFER,8,1
341,CONE,8,1
342,CUCUMBER,8,1
343,BOTTLE,8,1
344,WONT,8,1
345,LAY,8,1
346,SOAK,8,1
347,PUSH,8,1
348,TOUCH,8,1
349,HOMEMADE,8,1
350,EASILY,8,1
351,DREAMY,8,1
352,SCRAPING,8,1
353,ALUMINUM,8,1
354,LOVE,8,1
355,BURN,8,1
356,AVOID,8,1
357,MACE,8,1
358,COLORING,8,1
359,PER,8,1
360,FLATTEN,8,1
361,BISCUIT,8,1
362,CAYENNE,8,1
363,TAP,8,1
364,APART,8,1
365,ISLAND,8,1
366,PUNCH,8,1
367,HELP,8,1
368,ACCORDING,8,1
369,FLAP,7,1
370,REMAIN,7,1
371,DEEP,7,1
372,FROTHY,7,1
373,BROWNING,7,1
374,NECESSARY,7,1
375,BIG,7,1
376,HOLIDAY,7,1
377,UNCOVERED,7,1
378,THREE,7,1
379,DIP,7,1
380,STAR,7,1
381,SAUTE,7,1
382,SHAPED,7,1
383,WORRY,7,1
384,NUT,7,1
385,OUTSIDE,7,1
386,PECAN,7,1
387,DUSTING,7,1
388,DAMP,7,1
389,KIWI,7,1
390,THICKNESS,7,1
391,CONVECTION,7,1
392,STRIP,7,1
393,BREAST,7,1
394,SIZED,7,1
395,CLOVE,7,1
396,RIMMED,7,1
397,PREHEATED,7,1
398,SHORTENING,7,1
399,WAFER,7,1
400,HOLE,7,1
401,FEEL,7,1
402,STARCH,7,1
403,OAT,7,1
404,CRUMB,7,1
405,FRY,7,1
406,ADJUST,7,1
407,CIDER,7,1
408,CHEESECLOTH,6,1
409,SUBSTITUTE,6,1
410,PRETTY,6,1
411,CHEWY,6,1
412,POSITION,6,1
413,LOWER,6,1
414,CROSS,6,1
415,STOP,6,1
416,LA,6,1
417,HOLLOW,6,1
418,HARD,6,1
419,FOLDING,6,1
420,DOE,6,1
421,PIPE,6,1
422,SWEETNESS,6,1
423,ALTERNATIVELY,6,1
424,ROLLED,6,1
425,SPARKLING,6,1
426,STRETCH,6,1
427,DELICATE,6,1
428,SAUSAGE,6,1
429,INDIVIDUAL,6,1
430,THERMOMETER,6,1
431,REMOVING,6,1
432,BROILER,6,1
433,ICED,6,1
434,WOODEN,6,1
435,POP,6,1
436,CHIA,6,1
437,BEGIN,6,1
438,AID,6,1
439,APPLESAUCE,6,1
440,DOUBLED,6,1
441,BREW,6,1
442,PASSION,6,1
443,BREAK,6,1
444,GENEROUSLY,6,1
445,PUFFED,6,1
446,DRESSING,5,1
447,PINEAPPLE,5,1
448,LETTUCE,5,1
449,TORTILLA,5,1
450,STEP,5,1
451,INSTANT,5,1
452,BEATING,5,1
453,LENGTHWISE,5,1
454,MACHINE,5,1
455,PERPENDICULAR,5,1
456,ROAST,5,1
457,HERB,5,1
458,CHOOSE,5,1
459,ALLSPICE,5,1
460,TORCH,5,1
461,POINT,5,1
462,TOTAL,5,1
463,CARROT,5,1
464,INTERNAL,5,1
465,SPONGE,5,1
466,LID,5,1
467,KALE,5,1
468,SALAD,5,1
469,TWIST,5,1
470,QUINOA,5,1
471,BEATER,5,1
472,HERBAL,5,1
473,BOILER,5,1
474,PRIOR,5,1
475,OUTER,5,1
476,FINISHED,5,1
477,BUBBLING,5,1
478,PADDLE,5,1
479,FIND,5,1
480,SECOND,5,1
481,POKE,5,1
482,PITCHER,5,1
483,BALSAMIC,5,1
484,METAL,5,1
485,FALL,5,1
486,MAKER,5,1
487,CARAMELIZE,5,1
488,MASH,5,1
489,TREE,5,1
490,SHORT,5,1
491,ROPE,5,1
492,BROTH,5,1
493,CORNER,5,1
494,RESERVED,5,1
495,GRILLED,5,1
496,PORTION,5,1
497,RESULT,5,1
498,EAT,5,1
499,PRETZEL,5,1
500,BRAND,5,1
501,DIAMETER,5,1
502,HOLD,5,1
503,PERFECTLY,5,1
504,UNGREASED,5,1
505,PROTEIN,5,1
506,RINSE,5,1
507,COTTAGE,5,1
508,ICY,5,1
509,AWAY,5,1
510,OPEN,5,1
511,PALE,5,1
512,RUN,5,1
513,MESH,5,1
514,TURKEY,5,1
515,STACK,5,1
516,PASTE,5,1
517,DIGITAL,5,1
518,ANGEL,5,1
519,CLOSED,5,1
520,FIT,5,1
521,BUBBLY,5,1
522,TAPIOCA,5,1
523,ELASTIC,5,1
524,ROUGH,5,1
525,THANKSGIVING,5,1
526,LINER,5,1
527,BOURBON,5,1
528,COATING,5,1
529,STUFFED,5,1
530,MOVING,4,1
531,KNOW,4,1
532,CHERRY,4,1
533,FLAME,4,1
534,HEATING,4,1
535,PARSLEY,4,1
536,CRACK,4,1
537,DIAMOND,4,1
538,TACKY,4,1
539,KEPT,4,1
540,EGGPLANT,4,1
541,REHEAT,4,1
542,CELEBRATE,4,1
543,STONE,4,1
544,SESAME,4,1
545,SOAKED,4,1
546,MOLD,4,1
547,TOUCHING,4,1
548,UNUSED,4,1
549,IMMERSE,4,1
550,EASIER,4,1
551,DIRECTLY,4,1
552,BURNING,4,1
553,FUN,4,1
554,CHILI,4,1
555,BATH,4,1
556,WORKING,4,1
557,RECOMMEND,4,1
558,SHAPING,4,1
559,OPENING,4,1
560,SNACK,4,1
561,BRANDY,4,1
562,MELON,4,1
563,POMEGRANATE,4,1
564,BLUEBERRY,4,1
565,ROOT,4,1
566,WHISKEY,4,1
567,HOOK,4,1
568,RESERVE,4,1
569,RUB,4,1
570,TASTY,4,1
571,SEASONING,4,1
572,CRUSH,4,1
573,STORAGE,4,1
574,EATING,4,1
575,MODE,4,1
576,AMAZING,4,1
577,CHOICE,4,1
578,BUBBLE,4,1
579,DISTRIBUTED,4,1
580,SOFTEN,4,1
581,THATS,4,1
582,LUKEWARM,4,1
583,SHAKING,4,1
584,SPLIT,4,1
585,LIFT,4,1
586,BUTTERSCOTCH,4,1
587,TOSSING,4,1
588,TIE,4,1
589,TRUNK,4,1
590,RHUBARB,4,1
591,ROTATING,4,1
592,SKEWER,4,1
593,THICKEN,4,1
594,BARBECUE,4,1
595,EXCEPT,4,1
596,DUD,4,1
597,DOOR,4,1
598,MOUTH,4,1
599,RECTANGLE,4,1
600,ALTERNATELY,4,1
601,WAX,4,1
602,AFTERNOON,4,1
603,BORDER,4,1
604,CAVITY,4,1
605,SECURE,4,1
606,LOOSELY,4,1
607,BOX,4,1
608,SODIUM,4,1
609,EVERY,4,1
610,QUICKLY,4,1
611,SIEVE,4,1
612,THINNER,3,1
613,DECORATE,3,1
614,CARE,3,1
615,LOOKING,3,1
616,PROOF,3,1
617,REALLY,3,1
618,LIFE,3,1
619,BUTTERNUT,3,1
620,COMPLETE,3,1
621,PINCHED,3,1
622,VISIT,3,1
623,CASTER,3,1
624,N,3,1
625,MINIMUM,3,1
626,INCORPORATE,3,1
627,YUMMY,3,1
628,SKIM,3,1
629,PISTACHIO,3,1
630,SKIP,3,1
631,MOISTURE,3,1
632,PROCEED,3,1
633,PUFF,3,1
634,AREA,3,1
635,SPACED,3,1
636,SEALED,3,1
637,STRAND,3,1
638,GRASP,3,1
639,BRAID,3,1
640,FINALLY,3,1
641,MINIATURE,3,1
642,CRUMBLE,3,1
643,DINNER,3,1
644,THINK,3,1
645,FRAGRANT,3,1
646,NICELY,3,1
647,SPIRALIZE,3,1
648,WEEK,3,1
649,GOAT,3,1
650,CURIOUS,3,1
651,SKIN,3,1
652,SPREADING,3,1
653,KNEADING,3,1
654,RISEN,3,1
655,IRON,3,1
656,TRUFFLE,3,1
657,GRIDDLE,3,1
658,CAST,3,1
659,THIRD,3,1
660,BASTING,3,1
661,RUNNING,3,1
662,LIGHTER,3,1
663,FINGER,3,1
664,ZIP,3,1
665,DATE,3,1
666,FROST,3,1
667,DOG,3,1
668,THAW,3,1
669,MUSHY,3,1
670,ESSENCE,3,1
671,RANGE,3,1
672,FLUFF,3,1
673,QUALITY,3,1
674,COUPLE,3,1
675,FASTER,3,1
676,SOAKING,3,1
677,IMMERSION,3,1
678,SETTLE,3,1
679,GATHER,3,1
680,PULP,3,1
681,ASSEMBLE,3,1
682,MAYONNAISE,3,1
683,LIQUOR,3,1
684,GINGERSNAP,3,1
685,UNCOOKED,3,1
686,PREFERABLY,3,1
687,FITTED,3,1
688,VISIBLE,3,1
689,WATCH,3,1
690,PASSOVER,3,1
691,UNROLL,3,1
692,FLAKY,3,1
693,TOUGH,3,1
694,INVERT,3,1
695,HEMP,3,1
696,PRALINE,3,1
697,TWINE,3,1
698,BODY,3,1
699,TOWARDS,3,1
700,PRESSING,3,1
701,RELEASE,3,1
702,HIT,3,1
703,REFRESHING,3,1
704,ROSEMARY,3,1
705,RAINBOW,3,1
706,DOLLOP,3,1
707,TONGS,3,1
708,FOLDED,3,1
709,MINE,3,1
710,DISCARD,3,1
711,CAFFEINE,3,1
712,SILICONE,3,1
713,MAT,3,1
714,STORY,3,1
715,BEDTIME,3,1
716,SLIDE,3,1
717,STEEL,3,1
718,KEY,3,1
719,PURPLE,3,1
720,UPWARD,3,1
721,FACING,3,1
722,GOING,3,1
723,CASSEROLE,3,1
724,OVAL,3,1
725,UNBUTTERED,3,1
726,CIRCULAR,3,1
727,RELAX,3,1
728,THINLY,3,1
729,PEN,3,1
730,SUMMER,3,1
731,ENTIRE,3,1
732,MAR,3,1
733,GUM,3,1
734,TEAPOT,3,1
735,FROTHER,3,1
736,BLOWTORCH,3,1
737,BLENDING,3,1
738,BLUE,3,1
739,ORDER,3,1
740,INSPIRED,3,1
741,SCRAPER,3,1
742,CITRUS,3,1
743,FINISH,3,1
744,NOTHING,3,1
745,CRUNCHY,3,1
746,INSERT,3,1
747,DIRECTED,3,1
748,TROPICAL,3,1
749,BONE,3,1
750,CELERY,3,1
751,NEAR,3,1
752,AROMATIC,3,1
753,VERMOUTH,3,1
754,FOAM,3,1
755,STEEP,3,1
756,FILM,3,1
757,TYPE,3,1
758,NI,3,1
759,SUGARED,2,1
760,SYRUPY,2,1
761,LINING,2,1
762,DICE,2,1
763,RASPBERRY,2,1
764,TOFFEE,2,1
765,SELECT,2,1
766,GRATE,2,1
767,CLICK,2,1
768,DIRECT,2,1
769,CLEANLY,2,1
770,OVERMIX,2,1
771,EFFECT,2,1
772,AIRY,2,1
773,DRAPE,2,1
774,ENVIRONMENT,2,1
775,SEARED,2,1
776,GLAZE,2,1
777,POST,2,1
778,REMOVABLE,2,1
779,ACTING,2,1
780,STOVE,2,1
781,LIQUEUR,2,1
782,GIANT,2,1
783,MARGARINE,2,1
784,BRAN,2,1
785,LIKING,2,1
786,OUTDOOR,2,1
787,HOUGH,2,1
788,LAYING,2,1
789,UNDERNEATH,2,1
790,TRIM,2,1
791,BEEF,2,1
792,RISK,2,1
793,HOTTER,2,1
794,STRAINED,2,1
795,PARING,2,1
796,PUSHING,2,1
797,SOLID,2,1
798,GREY,2,1
799,THYME,2,1
800,DOUGHY,2,1
801,ALTERNATE,2,1
802,SAVORY,2,1
803,SOGGY,2,1
804,DEFROST,2,1
805,BUCKET,2,1
806,SNUG,2,1
807,HALO,2,1
808,SUPPLE,2,1
809,CANDIED,2,1
810,TUBE,2,1
811,FLAVORING,2,1
812,FEED,2,1
813,HIGHLY,2,1
814,SELF,2,1
815,TUCK,2,1
816,GRAINY,2,1
817,REDUCTION,2,1
818,TRADITION,2,1
819,ABSORBED,2,1
820,BENCH,2,1
821,MARASCHINO,2,1
822,LUKE,2,1
823,SCHOOL,2,1
824,BUN,2,1
825,BUTTERY,2,1
826,LEAK,2,1
827,CERAMIC,2,1
828,ROTATE,2,1
829,COARSELY,2,1
830,STURDY,2,1
831,SNUGLY,2,1
832,SPINACH,2,1
833,JUICY,2,1
834,SLOW,2,1
835,WAFFLE,2,1
836,SUNDAE,2,1
837,PAPRIKA,2,1
838,TIER,2,1
839,INDIRECT,2,1
840,BITE,2,1
841,SPICED,2,1
842,DISTRIBUTE,2,1
843,FREEZING,2,1
844,GIRL,2,1
845,TALL,2,1
846,JIGGLY,2,1
847,ZONE,2,1
848,EYED,2,1
849,IRRESISTIBLE,2,1
850,BRUSHING,2,1
851,OVERHANG,2,1
852,GROCERY,2,1
853,JOIN,2,1
854,SEAMAN,2,1
855,CHILLING,2,1
856,CRACKING,2,1
857,GRATER,2,1
858,SEAM,2,1
859,TENT,2,1
860,COBBLER,2,1
861,FESTIVE,2,1
862,RENDER,2,1
863,PRICK,2,1
864,DEFLATE,2,1
865,BRAIDED,2,1
866,SHELLED,2,1
867,LAYERED,2,1
868,DESCRIPTION,2,1
869,BURST,2,1
870,SPRINKLING,2,1
871,SALTY,2,1
872,BRUNCH,2,1
873,SCANT,2,1
874,YOUD,2,1
875,WATERMELON,2,1
876,HANDLE,2,1
877,REQUIRE,2,1
878,BICARBONATE,2,1
879,BROIL,2,1
880,DIFFICULT,2,1
881,EVERYTHING,2,1
882,BALLER,2,1
883,UPRIGHT,2,1
884,FRONT,2,1
885,JOURNEY,2,1
886,ATTACH,2,1
887,CHURN,2,1
888,LILY,2,1
889,YO,2,1
890,NUTTY,2,1
891,CLUB,2,1
892,ALE,2,1
893,TASTING,2,1
894,BUTTON,2,1
895,INSPIRATION,2,1
896,CACAO,2,1
897,LADLE,2,1
898,SEPARATING,2,1
899,LOVELY,2,1
900,WRAPPED,2,1
901,STEAMING,2,1
902,GUESS,2,1
903,TWICE,2,1
904,OVERBAKE,2,1
905,BURRITO,2,1
906,JOY,2,1
907,RESEMBLE,2,1
908,LAUGHTER,2,1
909,VIGOROUSLY,2,1
910,OCCASION,2,1
911,PLIABLE,2,1
912,FORMING,2,1
913,DIPPED,2,1
914,PULL,2,1
915,VARIATION,2,1
916,SATISFY,2,1
917,THEYLL,2,1
918,BEGINNING,2,1
919,SOUND,2,1
920,POWER,2,1
921,UPPER,2,1
922,TWISTING,2,1
923,VINAIGRETTE,2,1
924,SHELF,2,1
925,PROVIDE,2,1
926,PIERCE,2,1
927,SHOULDNT,2,1
928,INCREASE,2,1
929,POWERED,2,1
930,YEAR,2,1
931,TIGHT,2,1
932,ABSORB,2,1
933,GIN,2,1
934,COVERING,2,1
935,HEATPROOF,2,1
936,AUTUMN,2,1
937,AL,2,1
938,THROUGHOUT,2,1
939,ROTISSERIE,2,1
940,CRISPY,2,1
941,SHAKEN,2,1
942,JACK,2,1
943,SAVED,2,1
944,BEAUTIFUL,2,1
945,TORN,2,1
946,RISING,2,1
947,OVERBEAT,2,1
948,ROMAINE,2,1
949,MUDDLE,2,1
950,HUMIDITY,2,1
951,NEVER,2,1
952,DIAGONALLY,2,1
953,SPACE,2,1
954,FREEMAN,2,1
955,SKINNED,2,1
956,TAPPING,2,1
957,CRACKED,2,1
958,SEED,2,1
959,REHYDRATE,2,1
960,INFUSE,2,1
961,BRICK,2,1
962,TRULY,2,1
963,PROTECT,2,1
964,HANDLING,2,1
965,SHAKY,2,1
966,BROCCOLI,2,1
967,BEAUTIFULLY,2,1
968,ALLERGY,2,1
969,SMOKE,2,1
970,OVERWORK,2,1
971,SHORTBREAD,2,1
972,AWESOMENESS,2,1
973,MILKY,2,1
974,TOTALLY,2,1
975,FASHIONED,2,1
976,TUTORIAL,2,1
977,TURMERIC,2,1
978,MOSTLY,2,1
979,PARTIALLY,2,1
980,DOT,2,1
981,PUFFY,2,1
982,POURING,2,1
983,CASHEW,2,1
984,STRAINING,2,1
985,CRIMP,2,1
986,PACKET,2,1
987,WAIT,2,1
988,REMOVED,2,1
989,EXPANDED,2,1
990,UNIFORM,2,1
991,MOTION,2,1
992,DRYING,2,1
993,FUSS,2,1
994,MOUSSE,2,1
995,FORMED,2,1
996,STEAM,2,1
997,SEEKING,2,1
998,FRUITY,2,1
999,DECADENT,2,1
1000,TANTALIZE,2,1
1001,FORGET,2,1
1002,HOPE,2,1
1003,EAGLE,2,1
1004,TARTAR,2,1
1005,FISH,2,1
1006,EVENING,2,1
1007,INDEX,2,1
1008,TESTED,2,1
1009,WATERY,2,1
1010,UNDERSIDE,2,1
1011,GRITTY,2,1
1012,TAMPER,2,1
1013,LATER,2,1
1014,THUMB,2,1
1015,BREAKING,1,1
1016,LUNCH,1,1
1017,MAN,1,1
1018,DELIGHT,1,1
1019,ABLE,1,1
1020,MEN,1,1
1021,STRING,1,1
1022,PROCEEDING,1,1
1023,CHILE,1,1
1024,DETAILED,1,1
1025,CLOTH,1,1
1026,PROGRAM,1,1
1027,ZIPPER,1,1
1028,PAIR,1,1
1029,CURRY,1,1
1030,MOOD,1,1
1031,CRAVING,1,1
1032,DELICIOUSLY,1,1
1033,GENIUS,1,1
1034,SQUEEZING,1,1
1035,ESSENTIALLY,1,1
1036,WOW,1,1
1037,HISTORIAN,1,1
1038,SCORCHING,1,1
1039,FORTUNATELY,1,1
1040,BOTTOMED,1,1
1041,BITTERSWEET,1,1
1042,EASTER,1,1
1043,MOON,1,1
1044,URGE,1,1
1045,RESIST,1,1
1046,GINGERBREAD,1,1
1047,MOUND,1,1
1048,OUTWARDS,1,1
1049,HEAVEN,1,1
1050,SPACING,1,1
1051,PINCHING,1,1
1052,RAISIN,1,1
1053,CONVENTIONAL,1,1
1054,SATISFYING,1,1
1055,DISC,1,1
1056,BAGGIE,1,1
1057,STRINGY,1,1
1058,ALTERNATING,1,1
1059,COLANDER,1,1
1060,SMOKY,1,1
1061,TOUCHED,1,1
1062,TOPPER,1,1
1063,BOUNCE,1,1
1064,GRAIN,1,1
1065,ATOP,1,1
1066,COMPACT,1,1
1067,TYPICAL,1,1
1068,REMAINDER,1,1
1069,SCRATCH,1,1
1070,ELIMINATE,1,1
1071,HANDMADE,1,1
1072,OPTIMAL,1,1
1073,BRIEFLY,1,1
1074,DATING,1,1
1075,STAGE,1,1
1076,LITE,1,1
1077,RIDICULOUSLY,1,1
1078,DIMPLE,1,1
1079,BEFOREHAND,1,1
1080,ARTISAN,1,1
1081,SHADE,1,1
1082,SUNKEN,1,1
1083,UNCOVER,1,1
1084,SPENCER,1,1
1085,RIFF,1,1
1086,MORTAR,1,1
1087,PESTLE,1,1
1088,REFRESH,1,1
1089,STRONG,1,1
1090,SHALLOW,1,1
1091,SEASONED,1,1
1092,EATEN,1,1
1093,SPELT,1,1
1094,SUBSTITUTION,1,1
1095,MOUSE,1,1
1096,KNOB,1,1
1097,SECURELY,1,1
1098,CURL,1,1
1099,FLATTENING,1,1
1100,TYING,1,1
1101,SHINY,1,1
1102,STERILE,1,1
1103,CANNING,1,1
1104,FIG,1,1
1105,SETTING,1,1
1106,THANKS,1,1
1107,SLICK,1,1
1108,WRITE,1,1
1109,KISS,1,1
1110,WONDERFULLY,1,1
1111,BROKEN,1,1
1112,ACCESS,1,1
1113,OVERCOOK,1,1
1114,EXPECT,1,1
1115,DOLLAR,1,1
1116,MARGIN,1,1
1117,QUAKER,1,1
1118,PEAK,1,1
1119,BERRY,1,1
1120,STOUT,1,1
1121,SILVER,1,1
1122,GROWN,1,1
1123,BOY,1,1
1124,AFFECT,1,1
1125,NOTICE,1,1
1126,SLIVER,1,1
1127,SAT,1,1
1128,HUE,1,1
1129,SEEDED,1,1
1130,CHEF,1,1
1131,GRAVY,1,1
1132,LOST,1,1
1133,SMART,1,1
1134,SLASH,1,1
1135,SERRATED,1,1
1136,THREAD,1,1
1137,RUSH,1,1
1138,SCORCHED,1,1
1139,BRISKLY,1,1
1140,WAR,1,1
1141,TUCKING,1,1
1142,THIRTY,1,1
1143,SHERBET,1,1
1144,LIBERALLY,1,1
1145,ZIPPY,1,1
1146,SUMMERTIME,1,1
1147,ENVELOPE,1,1
1148,INWARD,1,1
1149,GRAPEFRUIT,1,1
1150,VIRTUALLY,1,1
1151,STUFF,1,1
1152,FURIOUSLY,1,1
1153,OPT,1,1
1154,CRANBERRY,1,1
1155,GLOSSY,1,1
1156,CLIP,1,1
1157,UNDISTURBED,1,1
1158,SWIRL,1,1
1159,REDISTRIBUTE,1,1
1160,CONTINUALLY,1,1
1161,SHOWING,1,1
1162,SAVE,1,1
1163,GUEST,1,1
1164,SCOUT,1,1
1165,AROMA,1,1
1166,SMOKING,1,1
1167,SPROUT,1,1
1168,DIRTY,1,1
1169,MONTE,1,1
1170,PARFAIT,1,1
1171,SOFTLY,1,1
1172,WASHED,1,1
1173,MAINTAIN,1,1
1174,WARMED,1,1
1175,RING,1,1
1176,HANGING,1,1
1177,SPLITTING,1,1
1178,HOMOGENEOUS,1,1
1179,TRICKLE,1,1
1180,TEPID,1,1
1181,BUNDLE,1,1
1182,USUAL,1,1
1183,BODIED,1,1
1184,THICKENER,1,1
1185,SUBTLE,1,1
1186,BRITTLE,1,1
1187,SPIKED,1,1
1188,MARRY,1,1
1189,NIGHT,1,1
1190,REPEATEDLY,1,1
1191,SPUN,1,1
1192,GOT,1,1
1193,OPTION,1,1
1194,NEEDY,1,1
1195,UNEXPECTED,1,1
1196,MILL,1,1
1197,BLITZ,1,1
1198,TELL,1,1
1199,COUNTLESS,1,1
1200,EXPLORE,1,1
1201,SHRINK,1,1
1202,POSSIBILITY,1,1
1203,SWAP,1,1
1204,WHATEVER,1,1
1205,SAY,1,1
1206,CRAP,1,1
1207,ANYWAYS,1,1
1208,TILT,1,1
1209,COURSE,1,1
1210,ELEGANT,1,1
1211,CYLINDER,1,1
1212,DRAWER,1,1
1213,MOTHER,1,1
1214,ALIKE,1,1
1215,CELEBRATION,1,1
1216,ACCOMPANY,1,1
1217,DECREASE,1,1
1218,TOOTH,1,1
1219,ELEMENT,1,1
1220,RESTING,1,1
1221,EXPOSED,1,1
1222,LOOSEN,1,1
1223,HEAP,1,1
1224,NOSE,1,1
1225,SOOTHING,1,1
1226,SCARY,1,1
1227,NECK,1,1
1228,GRADE,1,1
1229,HALE,1,1
1230,UNDERCOOK,1,1
1231,UNFOLD,1,1
1232,GOSSIP,1,1
1233,REPERTOIRE,1,1
1234,EXCESSIVE,1,1
1235,CHOOSING,1,1
1236,LASTLY,1,1
1237,YAM,1,1
1238,TRANSFERRING,1,1
1239,BOILED,1,1
1240,INVITE,1,1
1241,SHORTER,1,1
1242,ENDLESS,1,1
1243,CORED,1,1
1244,TRIPLE,1,1
1245,NEAT,1,1
1246,RIDGE,1,1
1247,SCALLOP,1,1
1248,ERR,1,1
1249,LANTERN,1,1
1250,GUILT,1,1
1251,PIERCED,1,1
1252,WONDERFUL,1,1
1253,TAG,1,1
1254,SOPHISTICATED,1,1
1255,REPLACER,1,1
1256,BLOCK,1,1
1257,ADORABLE,1,1
1258,EVERYBODY,1,1
1259,STUFFING,1,1
1260,WHOLESOME,1,1
1261,MODEST,1,1
1262,DARN,1,1
1263,PEAR,1,1
1264,DIG,1,1
1265,SCRAPED,1,1
1266,AMBER,1,1
1267,SPURT,1,1
1268,NESTLING,1,1
1269,SLOTTED,1,1
1270,SIPPER,1,1
1271,SWAPPING,1,1
1272,WHICHEVER,1,1
1273,UNFOLDED,1,1
1274,LATTICE,1,1
1275,GOODNESS,1,1
1276,DECORATIVELY,1,1
1277,UNWRAP,1,1
1278,REPAIR,1,1
1279,CLOSER,1,1
1280,TRIANGULAR,1,1
1281,SKINNY,1,1
1282,WARMTH,1,1
1283,SCENTED,1,1
1284,DISTANCE,1,1
1285,KIND,1,1
1286,COMING,1,1
1287,INDIVIDUALLY,1,1
1288,BLOT,1,1
1289,FOAMING,1,1
1290,ESCAPE,1,1
1291,LUMPY,1,1
1292,IMPRESS,1,1
1293,ANGLE,1,1
1294,SEAWEED,1,1
1295,WORTH,1,1
1296,HIGHER,1,1
1297,DIPPING,1,1
1298,SIDED,1,1
1299,SHAGGY,1,1
1300,SHIELD,1,1
1301,CAUSING,1,1
1302,BLIND,1,1
1303,DRINKING,1,1
1304,MONTH,1,1
1305,BONUS,1,1
1306,RUNNY,1,1
1307,SAND,1,1
1308,MATTE,1,1
1309,FEATURE,1,1
1310,FRIENDLY,1,1
1311,MILD,1,1
1312,JAGGED,1,1
1313,UNDO,1,1
1314,UNMOLD,1,1
1315,COLORED,1,1
1316,MUDDY,1,1
1317,IVORY,1,1
1318,PERIODICALLY,1,1
1319,VEGETARIAN,1,1
1320,MONSTER,1,1
1321,PAW,1,1
1322,SUNNY,1,1
1323,CLOSELY,1,1
1324,BRIDAL,1,1
1325,JEWELRY,1,1
1326,GIVEAWAY,1,1
1327,DECORATED,1,1
1328,KELLY,1,1
1329,MOUTHED,1,1
1330,CHAMPAGNE,1,1
1331,LENGTH,1,1
1332,ANYTHING,1,1
1333,WALK,1,1
1334,GRAND,1,1
1335,CLING,1,1
1336,PROTECTIVE,1,1
1337,SPUTTERING,1,1
1338,REPLACE,1,1
1339,SMELL,1,1
1340,PLUNGE,1,1
1341,SCORCH,1,1
1342,GRIND,1,1
1343,FINAL,1,1
1344,HOMOGENOUS,1,1
1345,FINANCIER,1,1
1346,BUMMER,1,1
1347,FORTH,1,1
1348,MINIMAL,1,1
1349,PHOTO,1,1
1350,SCORE,1,1
1351,BLISS,1,1
1352,CHARM,1,1
1353,MESS,1,1
1354,TRUST,1,1
1355,WEEKDAY,1,1
1356,WARNING,1,1
1357,RUSTIC,1,1
1358,HUMBLE,1,1
1359,TRUTHFULLY,1,1
1360,APPEAL,1,1
1361,TASTED,1,1
1362,COLLECT,1,1
1363,ARENT,1,1
1364,COMBINING,1,1
1365,FIGURE,1,1
1366,ABUNDANCE,1,1
1367,CLASP,1,1
1368,RAMEKIN,1,1
1369,NOG,1,1
1370,READER,1,1
1371,SCRUMPTIOUS,1,1
1372,SKI,1,1
1373,REMINISCENT,1,1
1374,CUTE,1,1
1375,GHOST,1,1
1376,PRESSURE,1,1
1377,HOLDING,1,1
1378,SLIDING,1,1
1379,OILED,1,1
1380,MARINATE,1,1
1381,SEALABLE,1,1
1382,SUPERFINE,1,1
1383,MARINADE,1,1
1384,DELICIOUSNESS,1,1
1385,LODGE,1,1
1386,TOOL,1,1
1387,SENSATIONAL,1,1
1388,DOUGHNUT,1,1
1389,ACTIVATE,1,1
1390,OMELETTE,1,1
1391,TINY,1,1
1392,SMOOTHLY,1,1
1393,PROPER,1,1
1394,BLISTERED,1,1
1395,REMAINS,1,1
1396,GENEROUS,1,1
1397,DOWNWARD,1,1
1398,CONCENTRIC,1,1
1399,ACCORDION,1,1
1400,SOMEWHAT,1,1
1401,STRAW,1,1
1402,TUNNEL,1,1
1403,NARROW,1,1
1404,CARVING,1,1
1405,DESPERATELY,1,1
1406,KETTLE,1,1
1407,BOUNCING,1,1
1408,FIZZ,1,1
1409,SEARCHING,1,1
1410,SKINNING,1,1
1411,BET,1,1
1412,PREP,1,1
1413,THOROUGH,1,1
1414,TIMER,1,1
1415,EXPAND,1,1
1416,SCRAMBLE,1,1
1417,OPPOSITE,1,1
1418,PLAN,1,1
1419,SOON,1,1
1420,EVERYONE,1,1
1421,SWITCH,1,1
1422,HIGHBALL,1,1
1423,DISPERSED,1,1
1424,INDENTATION,1,1
1425,ROSETTE,1,1
1426,HAYSTACK,1,1
1427,PRESIDENT,1,1
1428,DECLARE,1,1
1429,LIFETIME,1,1
1430,MEANING,1,1
1431,BUY,1,1
1432,ENTIRELY,1,1
1433,ACHIEVE,1,1
1434,PERIOD,1,1
1435,FEELING,1,1
1436,BRAIDING,1,1
1437,FIRMER,1,1
1438,EASIEST,1,1
1439,MANAGE,1,1
1440,LOOSE,1,1
1441,WORKED,1,1
1442,DIE,1,1
1443,MEMOIR,1,1
1444,STERNMAN,1,1
1445,WATERTIGHT,1,1
1446,TEAR,1,1
1447,STEAMY,1,1
1448,CREDIT,1,1
1449,HOUSE,1,1
1450,HASH,1,1
1451,BAIN,1,1
1452,TRIED,1,1
1453,MUS,1,1
1454,SOUFFLE,1,1
1455,HUGE,1,1
1456,MORNING,1,1
1457,PORTERHOUSE,1,1
1458,LOIN,1,1
1459,LOADED,1,1
1460,BRINE,1,1
1461,SEALING,1,1
1462,CHANGE,1,1
1463,INTERFERE,1,1
1464,LOCK,1,1
1465,WORSE,1,1
1466,CONTROL,1,1
1467,CRATER,1,1
1468,RESEAL,1,1
1469,SPRINKLED,1,1
1470,BITING,1,1
1471,DISAPPEAR,1,1
1472,ENDING,1,1
1473,FUJI,1,1
1474,GALA,1,1
1475,SMOTHERED,1,1
1476,NOVEL,1,1
1477,STEVIA,1,1
1478,BREEZY,1,1
1479,INNER,1,1
1480,LOCKED,1,1
1481,SUBMERGED,1,1
1482,OATMEAL,1,1
1483,SEAR,1,1
1484,GUARD,1,1
1485,VERSUS,1,1
1486,REACH,1,1
1487,FLUTED,1,1
1488,MATZO,1,1
1489,POINTED,1,1
1490,HORIZONTAL,1,1
1491,STOPPING,1,1
1492,SPOT,1,1
1493,BITTER,1,1
1494,PLATTER,1,1
1495,RULE,1,1
1496,DELIGHTFULLY,1,1
1497,BOUGHT,1,1
1498,PARTY,1,1
1499,APPETIZER,1,1
1500,AISLE,1,1
1501,RIBBON,1,1
1502,LAP,1,1
1503,LOLLIPOP,1,1
1504,OVERLY,1,1
1505,SEARING,1,1
1506,COOLER,1,1
1507,WILT,1,1
1508,CREAMER,1,1
1509,STEM,1,1
1510,COLDER,1,1
1511,REJUVENATE,1,1
1512,SLIT,1,1
1513,RIND,1,1
1514,FLESH,1,1
1515,HALVE,1,1
1516,UN,1,1
1517,SPLATTER,1,1
1518,BURNER,1,1
1519,WIGGLE,1,1
1520,FILTER,1,1
1521,HEARTY,1,1
1522,AGITATE,1,1
1523,RATIO,1,1
1524,SOMEWHERE,1,1
1525,STIFFEN,1,1
1526,VIBRANT,1,1
1527,MASON,1,1
1528,FROSTED,1,1
1529,ADVANCED,1,1
1530,TECHNIQUE,1,1
1531,PICTURED,1,1
1532,VINTAGE,1,1
1533,RAISE,1,1
1534,PEELING,1,1
1535,UNBAKED,1,1
1536,SWEETEN,1,1
1537,FROTH,1,1
1538,CHUNKY,1,1
1539,OVERFLOW,1,1
1540,LISTED,1,1
1541,DRIP,1,1
1542,POWDERY,1,1
1543,UNPROCESSED,1,1
1544,GROW,1,1
1545,DISSOLVING,1,1
1546,SMOOTHER,1,1
1547,ALTERNATIVE,1,1
1548,GORGE,1,1
1549,UNFORTUNATELY,1,1
1550,HEALTH,1,1
1551,WEB,1,1
1552,FLESHY,1,1
1553,LACED,1,1
1554,PAPAYA,1,1
1555,NONFAT,1,1
1556,FRO,1,1
1557,AUTOMATIC,1,1
1558,RAPIDLY,1,1
1559,PORCELAIN,1,1
1560,COMMENT,1,1
1561,HAPPY,1,1
1562,OBTAIN,1,1
1563,TOWARD,1,1
1564,APPEARANCE,1,1
1565,EVENT,1,1
1566,TARTNESS,1,1
1567,CREATION,1,1
1568,WARRANT,1,1
1569,ELEGANCE,1,1
1570,FLOWER,1,1
1571,FLAVORFUL,1,1
1572,SHOT,1,1
1573,SPRIG,1,1
1574,KNOCK,1,1
1575,MUST,1,1
1576,RATE,1,1
1577,SHORTLY,1,1
1578,BLOOM,1,1
1579,CRUSHING,1,1
1580,MUSE,1,1
1581,FLOAT,1,1
1582,EGGY,1,1
1583,ZESTY,1,1
1584,SOMEONE,1,1
1585,FAIRLY,1,1
1586,TEMPLATE,1,1
1587,RAISING,1,1
1588,SPRINGY,1,1
1589,SOLIDIFY,1,1
1590,WHILST,1,1
1591,DECORATIVE,1,1
1592,DEG,1,1
1593,PAS,1,1
1594,RETRIEVE,1,1
1595,FRIED,1,1
