,Name,Count,Cluster
0,VANILLA,291,1
1,PAN,270,1
2,DOUGH,243,1
3,CAKE,236,1
4,CHOCOLATE,214,1
5,EGG,188,1
6,HEAT,145,1
7,COOL,140,1
8,CINNAMON,127,1
9,STIR,116,1
10,ICE,115,1
11,POUR,105,1
12,SMOOTH,98,1
13,TOGETHER,97,1
14,WHISK,95,1
15,PREHEAT,93,1
16,SHEET,92,1
17,SIDE,91,1
18,PIE,88,1
19,BATTER,84,1
20,SODA,83,1
21,CRUST,82,1
22,BEAT,80,1
23,COCONUT,80,1
24,PAPER,79,1
25,PARCHMENT,75,1
26,RACK,73,1
27,CHEESE,73,1
28,CENTER,72,1
29,SPRINKLE,71,1
30,SYRUP,70,1
31,COVER,69,1
32,EVENLY,68,1
33,ALLOW,66,1
34,COMPLETELY,65,1
35,GENTLY,62,1
36,MIXER,62,1
37,ROLL,60,1
38,LEMON,59,1
39,WHIPPED,59,1
40,TOPPING,56,1
41,WARM,55,1
42,MELTED,54,1
43,CREAMY,52,1
44,FROSTING,52,1
45,ONTO,51,1
46,SURFACE,51,1
47,GOLDEN,50,1
48,PUMPKIN,50,1
49,CARAMEL,50,1
50,CHIP,50,1
51,FRUIT,49,1
52,SPEED,49,1
53,HIGH,49,1
54,YEAST,47,1
55,FOLD,46,1
56,STIRRING,46,1
57,TILL,46,1
58,TURN,46,1
59,BOTTOM,45,1
60,COCOA,45,1
61,TRANSFER,44,1
62,CLEAN,43,1
63,STAND,41,1
64,THICK,41,1
65,LINE,40,1
66,DESSERT,39,1
67,FORM,39,1
68,ALMOND,38,1
69,PLASTIC,37,1
70,SLIGHTLY,37,1
71,WRAP,37,1
72,DONT,36,1
73,NUTMEG,36,1
74,DAY,35,1
75,REFRIGERATOR,34,1
76,PUDDING,34,1
77,MELT,33,1
78,WET,33,1
79,SAUCEPAN,33,1
80,WIRE,33,1
81,FREEZE,33,1
82,UNSWEETENED,33,1
83,MAPLE,32,1
84,LAYER,31,1
85,FOIL,31,1
86,TOOTHPICK,31,1
87,APPLE,31,1
88,AROUND,31,1
89,BLEND,30,1
90,PEANUT,29,1
91,HOUR,29,1
92,PUT,29,1
93,DRIZZLE,29,1
94,DESIRED,29,1
95,CORN,29,1
96,BLENDER,29,1
97,CAREFULLY,28,1
98,PROCESSOR,28,1
99,SURE,28,1
100,GREASE,28,1
101,BUTTERMILK,28,1
102,TIP,27,1
103,MICROWAVE,27,1
104,WHIP,27,1
105,CHECK,27,1
106,REFRIGERATE,26,1
107,BLENDED,26,1
108,COLD,26,1
109,WORK,26,1
110,FREEZER,26,1
111,EASY,26,1
112,CIRCLE,25,1
113,SLOWLY,25,1
114,INSERTED,25,1
115,EDGE,25,1
116,LOAF,25,1
117,PROCESS,25,1
118,SOUR,25,1
119,ZEST,25,1
120,HONEY,24,1
121,SIFT,24,1
122,GLUTEN,24,1
123,FILL,23,1
124,FORK,23,1
125,LINED,23,1
126,BOIL,23,1
127,DAIRY,23,1
128,BANANA,23,1
129,READY,23,1
130,BROWNIE,22,1
131,RISE,22,1
132,CRACKER,22,1
133,STICKY,22,1
134,TOWEL,22,1
135,CHILL,22,1
136,X,22,1
137,MUFFIN,22,1
138,MOIST,21,1
139,GRAHAM,21,1
140,PIZZA,21,1
141,PLATE,21,1
142,FULL,21,1
143,MINUTE,21,1
144,FLUFFY,21,1
145,CHALLAH,21,1
146,KNEAD,21,1
147,ROUND,21,1
148,STORE,20,1
149,CHEESECAKE,20,1
150,ROLLING,20,1
151,VEGETABLE,20,1
152,OVERNIGHT,20,1
153,GARNISH,20,1
154,COVERED,20,1
155,BALL,19,1
156,INCORPORATED,19,1
157,TEXTURE,19,1
158,PULSE,19,1
159,LE,19,1
160,DOUBLE,19,1
161,DUST,18,1
162,ELECTRIC,18,1
163,SEMI,18,1
164,ARRANGE,18,1
165,ICING,18,1
166,IMMEDIATELY,18,1
167,STIFF,18,1
168,BIT,18,1
169,ENJOY,18,1
170,BASE,18,1
171,PERFECT,18,1
172,CANDY,17,1
173,COATED,17,1
174,REPEAT,17,1
175,POTATO,17,1
176,TRIANGLE,17,1
177,THOROUGHLY,17,1
178,ATTACHMENT,17,1
179,BRUSH,17,1
180,PREPARE,17,1
181,FIRM,17,1
182,POT,16,1
183,FUDGE,16,1
184,CUTTING,16,1
185,RICE,16,1
186,SKILLET,16,1
187,TRAY,16,1
188,FULLY,16,1
189,RUBBER,16,1
190,PRO,16,1
191,STRAWBERRY,15,1
192,QUICK,15,1
193,PASTRY,15,1
194,SPICE,15,1
195,BOILING,15,1
196,TEA,15,1
197,COAT,15,1
198,COOLING,15,1
199,SLICING,15,1
200,WHIPPING,15,1
201,APPLESAUCE,14,1
202,EXCESS,14,1
203,BREAKFAST,14,1
204,DIVIDE,14,1
205,WHEAT,14,1
206,PASSOVER,14,1
207,STARTING,14,1
208,REDUCE,14,1
209,BAKED,14,1
210,BAR,14,1
211,CORNSTARCH,14,1
212,SALTED,14,1
213,INSIDE,14,1
214,SCRAPING,14,1
215,TREAT,14,1
216,AIRTIGHT,14,1
217,SCRAPE,13,1
218,START,13,1
219,TOPPED,13,1
220,PUREE,13,1
221,GRADUALLY,13,1
222,DRAIN,13,1
223,CHOP,13,1
224,COLOR,13,1
225,TRY,13,1
226,SKIPPY,13,1
227,SIT,13,1
228,FLIP,13,1
229,MEANWHILE,13,1
230,POPCORN,13,1
231,LOOK,13,1
232,TOAST,13,1
233,SIMPLE,13,1
234,MERINGUE,13,1
235,RIPE,12,1
236,PREVENT,12,1
237,SQUARE,12,1
238,POP,12,1
239,SEPARATE,12,1
240,ANGEL,12,1
241,RETURN,12,1
242,FLAT,12,1
243,JELLY,12,1
244,RIGHT,12,1
245,CEREAL,12,1
246,WASH,12,1
247,GO,12,1
248,RUM,12,1
249,END,12,1
250,TOUCH,11,1
251,ACTIVE,11,1
252,FLAVORED,11,1
253,BOARD,11,1
254,GINGER,11,1
255,WHISKING,11,1
256,CONSTANTLY,11,1
257,CUPCAKE,11,1
258,FINE,11,1
259,YOLK,11,1
260,BOX,11,1
261,HALFWAY,10,1
262,DOESNT,10,1
263,RUN,10,1
264,CRUMBLY,10,1
265,POD,10,1
266,HOLIDAY,10,1
267,MACAROON,10,1
268,PIN,10,1
269,CHILLED,10,1
270,DIP,10,1
271,TIN,10,1
272,DISK,10,1
273,FLAVOR,10,1
274,LEFT,10,1
275,AHEAD,10,1
276,ROASTING,10,1
277,COUNTER,10,1
278,LAY,10,1
279,WIDE,10,1
280,BACON,10,1
281,RELEASE,10,1
282,LEAVE,10,1
283,WONT,10,1
284,PEPPERMINT,10,1
285,CRUMB,10,1
286,BRULEE,9,1
287,CUSTARD,9,1
288,SIMMER,9,1
289,COLORING,9,1
290,BEAN,9,1
291,EASILY,9,1
292,STARCH,9,1
293,ACCORDING,9,1
294,PRETTY,9,1
295,SUBSTITUTE,9,1
296,UNBLEACHED,9,1
297,STICKING,9,1
298,MATZO,9,1
299,MIXED,9,1
300,DEEP,9,1
301,TART,9,1
302,JAM,9,1
303,FOAMY,9,1
304,TURNING,9,1
305,SEAL,9,1
306,TOSS,9,1
307,LONG,9,1
308,BOILER,9,1
309,CLOVER,9,1
310,COARSE,9,1
311,BISCUIT,8,1
312,GENEROUSLY,8,1
313,PECAN,8,1
314,UNCOVERED,8,1
315,AWAY,8,1
316,FOLDING,8,1
317,SOAK,8,1
318,FAVORITE,8,1
319,APART,8,1
320,ORGANIC,8,1
321,SANDWICH,8,1
322,PIPE,8,1
323,INSTANT,8,1
324,CLASSIC,8,1
325,HELP,8,1
326,TAPIOCA,8,1
327,RICH,8,1
328,TAP,8,1
329,BUTTERY,8,1
330,SQUEEZE,8,1
331,PITTED,8,1
332,CUTTER,8,1
333,DREAMY,8,1
334,YOUVE,8,1
335,CONE,8,1
336,MACE,8,1
337,FILLED,8,1
338,BEGIN,8,1
339,PANCAKE,8,1
340,CONVECTION,7,1
341,FLAP,7,1
342,PUFF,7,1
343,STRAINER,7,1
344,PEEL,7,1
345,DUSTING,7,1
346,WOODEN,7,1
347,WAFER,7,1
348,HOLLOW,7,1
349,THICKNESS,7,1
350,BOURBON,7,1
351,CORNER,7,1
352,RIMMED,7,1
353,VINEGAR,7,1
354,LOVE,7,1
355,HOMEMADE,7,1
356,WORRY,7,1
357,OUTSIDE,7,1
358,SIZED,7,1
359,SPONGE,7,1
360,CAYENNE,7,1
361,PEACH,7,1
362,THIRD,7,1
363,STOP,7,1
364,RAW,7,1
365,SECOND,7,1
366,FLATTEN,7,1
367,STEP,7,1
368,BIG,7,1
369,CRUMBLE,7,1
370,OAT,7,1
371,POKE,7,1
372,REMOVING,7,1
373,BURN,7,1
374,OVERMIX,7,1
375,PUSH,7,1
376,SAFE,7,1
377,SHORTENING,7,1
378,FROTHY,7,1
379,TENDER,7,1
380,THEYRE,7,1
381,PREHEATED,7,1
382,STRIP,7,1
383,POINT,6,1
384,REMAIN,6,1
385,DISSOLVE,6,1
386,INDIVIDUAL,6,1
387,SEVERAL,6,1
388,HARD,6,1
389,HEALTHY,6,1
390,MINT,6,1
391,FALL,6,1
392,LIBERALLY,6,1
393,CHEWY,6,1
394,THICKEN,6,1
395,EVERY,6,1
396,HOLD,6,1
397,WINE,6,1
398,CROSS,6,1
399,PINEAPPLE,6,1
400,AID,6,1
401,CELEBRATE,6,1
402,CARROT,6,1
403,CRISP,6,1
404,SHAKE,6,1
405,BEATER,6,1
406,LIME,6,1
407,CHIA,6,1
408,ALUMINUM,6,1
409,BEATING,6,1
410,DELICATE,6,1
411,ROLLED,6,1
412,OUTER,6,1
413,PUNCH,6,1
414,THANKSGIVING,6,1
415,PALE,6,1
416,STACK,6,1
417,UNGREASED,6,1
418,NECESSARY,6,1
419,SHAPED,6,1
420,CARDAMOM,6,1
421,BREAK,6,1
422,MOUSSE,6,1
423,DAMP,6,1
424,RESERVE,5,1
425,DOUBLED,5,1
426,DIAMETER,5,1
427,RESULT,5,1
428,LINER,5,1
429,BROWNING,5,1
430,WAX,5,1
431,AVOID,5,1
432,PROTEIN,5,1
433,COATING,5,1
434,CAVITY,5,1
435,PRETZEL,5,1
436,SUPER,5,1
437,LA,5,1
438,INCORPORATE,5,1
439,TARTAR,5,1
440,ALTERNATIVELY,5,1
441,REALLY,5,1
442,INVERT,5,1
443,FIND,5,1
444,YOUD,5,1
445,GLAZE,5,1
446,FEEL,5,1
447,PERPENDICULAR,5,1
448,GRADE,5,1
449,REE,5,1
450,BUBBLE,5,1
451,QUICKLY,5,1
452,BRAND,5,1
453,THREE,5,1
454,ENTIRE,5,1
455,HOLE,5,1
456,PUFFED,5,1
457,OPENING,5,1
458,POSITION,5,1
459,AMAZING,5,1
460,PREFER,5,1
461,DOE,5,1
462,PROMISE,5,1
463,MINIMUM,5,1
464,PORTION,5,1
465,THATS,5,1
466,EAT,5,1
467,SHORT,5,1
468,THERMOMETER,5,1
469,COTTAGE,5,1
470,DIAMOND,5,1
471,SOY,5,1
472,RAINBOW,5,1
473,TREE,5,1
474,MAKER,5,1
475,STUFFED,5,1
476,ROPE,5,1
477,OPEN,5,1
478,SMITH,4,1
479,LIFT,4,1
480,GRAIN,4,1
481,DIGITAL,4,1
482,SOFTEN,4,1
483,IMMERSE,4,1
484,STRETCH,4,1
485,FIT,4,1
486,EATING,4,1
487,CARE,4,1
488,N,4,1
489,GELATIN,4,1
490,CRISPY,4,1
491,FITTED,4,1
492,FINALLY,4,1
493,LENGTHWISE,4,1
494,BUBBLING,4,1
495,PRIOR,4,1
496,OCCASION,4,1
497,TACKY,4,1
498,GRANNY,4,1
499,REHEAT,4,1
500,LIGHTER,4,1
501,DUD,4,1
502,GRIDDLE,4,1
503,PADDLE,4,1
504,TOUCHING,4,1
505,BUTTERSCOTCH,4,1
506,FUN,4,1
507,CHOOSE,4,1
508,DOOR,4,1
509,CARAMELIZE,4,1
510,LUKEWARM,4,1
511,INSERT,4,1
512,DIRECTLY,4,1
513,FRY,4,1
514,FINISHED,4,1
515,CHERRY,4,1
516,CASSEROLE,4,1
517,RUB,4,1
518,BOTTLE,4,1
519,CRACK,4,1
520,WORKING,4,1
521,MOISTURE,4,1
522,ALLSPICE,4,1
523,TRUNK,4,1
524,SKEWER,4,1
525,BLUEBERRY,4,1
526,KALE,4,1
527,KEPT,4,1
528,SHAPING,4,1
529,UNUSED,4,1
530,MOVING,4,1
531,LOOSELY,4,1
532,BRANDY,4,1
533,ELASTIC,4,1
534,MOLD,4,1
535,RECTANGLE,4,1
536,BATH,4,1
537,PLATTER,4,1
538,LOWER,4,1
539,MODE,4,1
540,RECOMMEND,4,1
541,SECURE,4,1
542,CIDER,4,1
543,FROST,4,1
544,ADJUST,4,1
545,SEALED,4,1
546,ICY,4,1
547,PERFECTLY,4,1
548,EASIER,4,1
549,SPREADING,4,1
550,SUMMER,4,1
551,RESERVED,4,1
552,STAR,4,1
553,RHUBARB,4,1
554,BUBBLY,4,1
555,SHAKING,4,1
556,RISEN,3,1
557,SPLIT,3,1
558,HIGHLY,3,1
559,GRASP,3,1
560,COUPLE,3,1
561,STRAND,3,1
562,BRAID,3,1
563,TWIST,3,1
564,GRITTY,3,1
565,CAST,3,1
566,SKIN,3,1
567,IRON,3,1
568,YUMMY,3,1
569,FINGER,3,1
570,PINCHED,3,1
571,LIQUOR,3,1
572,MINIATURE,3,1
573,PYRAMID,3,1
574,CURIOUS,3,1
575,PROCEED,3,1
576,TRUFFLE,3,1
577,PISTACHIO,3,1
578,ALTERNATELY,3,1
579,CANDIED,3,1
580,BEGINNING,3,1
581,GRILL,3,1
582,BUY,3,1
583,SKIM,3,1
584,STEEL,3,1
585,HEATING,3,1
586,LAVENDER,3,1
587,FOLDED,3,1
588,SOAKED,3,1
589,DIFFICULT,3,1
590,TOTAL,3,1
591,RUNNY,3,1
592,PURPLE,3,1
593,FREEZING,3,1
594,PROTECT,3,1
595,VODKA,3,1
596,THUMB,3,1
597,SPACED,3,1
598,COMPLETE,3,1
599,CASTER,3,1
600,PASTE,3,1
601,AREA,3,1
602,ZUCCHINI,3,1
603,WAIT,3,1
604,MARGARINE,3,1
605,SLIDE,3,1
606,VISIT,3,1
607,STREAM,3,1
608,THAW,3,1
609,SOLID,3,1
610,VIGOROUSLY,3,1
611,MOUTH,3,1
612,UNROLL,3,1
613,SEAM,3,1
614,SPRINGY,3,1
615,NUT,3,1
616,METAL,3,1
617,CRANBERRY,3,1
618,MAT,3,1
619,SILICONE,3,1
620,YEAR,3,1
621,SCRAPER,3,1
622,SETTLE,3,1
623,FLAKY,3,1
624,TOUGH,3,1
625,FASTER,3,1
626,ORDER,3,1
627,STONE,3,1
628,TOMATO,3,1
629,SHELL,3,1
630,GUM,3,1
631,PARTY,3,1
632,MAYONNAISE,3,1
633,ZIP,3,1
634,JUICY,3,1
635,FILM,3,1
636,MELON,3,1
637,MUG,3,1
638,SIEVE,3,1
639,PRICK,3,1
640,EASTER,3,1
641,KNOW,3,1
642,OVAL,3,1
643,PRALINE,3,1
644,SEMOLINA,3,1
645,ABSORB,3,1
646,HEMP,3,1
647,THINLY,3,1
648,WRAPPED,3,1
649,SWEETNESS,3,1
650,NECTAR,3,1
651,DECADENT,3,1
652,PULL,3,1
653,PRESSING,3,1
654,TOWARDS,3,1
655,TUCK,3,1
656,INCREASE,3,1
657,NOTHING,3,1
658,ROTATE,3,1
659,RANGE,3,1
660,KEY,3,1
661,ROAST,3,1
662,DOLLOP,3,1
663,BLOCK,3,1
664,BASIL,3,1
665,UPWARD,3,1
666,FACING,3,1
667,BITE,3,1
668,GOING,3,1
669,DECORATE,3,1
670,BLOWTORCH,3,1
671,THINK,3,1
672,FINISH,3,1
673,IMPRESS,3,1
674,ASSEMBLE,3,1
675,LIFE,3,1
676,GINGERSNAP,3,1
677,CITRUS,3,1
678,CHEESECLOTH,3,1
679,WEEK,3,1
680,PITCHER,3,1
681,COVERING,3,1
682,BORDER,3,1
683,NUTTY,3,1
684,SEASONING,3,1
685,CIRCULAR,3,1
686,TROPICAL,3,1
687,TAPPING,3,1
688,DIPPED,3,1
689,THROUGHOUT,3,1
690,HEATH,3,1
691,SPACE,3,1
692,DISCARD,3,1
693,PEN,3,1
694,TONGS,3,1
695,POWER,3,1
696,OBTAIN,3,1
697,SOMEWHAT,2,1
698,SEAMAN,2,1
699,MASH,2,1
700,TENT,2,1
701,STEAMING,2,1
702,BLUE,2,1
703,SOGGY,2,1
704,FESTIVE,2,1
705,CHOICE,2,1
706,HOTTER,2,1
707,WATCH,2,1
708,WAFFLE,2,1
709,NEAR,2,1
710,PUSHING,2,1
711,WORKED,2,1
712,MORNING,2,1
713,WARMTH,2,1
714,SERRATED,2,1
715,BURNING,2,1
716,ENVIRONMENT,2,1
717,CLICK,2,1
718,AMBER,2,1
719,DEFROST,2,1
720,TRADITION,2,1
721,RUNNING,2,1
722,ROTATING,2,1
723,LUKE,2,1
724,BRUNCH,2,1
725,SEASON,2,1
726,RISK,2,1
727,REMAINDER,2,1
728,CERAMIC,2,1
729,FOAM,2,1
730,TALL,2,1
731,GROCERY,2,1
732,LOLLIPOP,2,1
733,NICELY,2,1
734,STOVE,2,1
735,ERR,2,1
736,DRIP,2,1
737,IRRESISTIBLE,2,1
738,LILY,2,1
739,CHILLING,2,1
740,MACHINE,2,1
741,TIE,2,1
742,COBBLER,2,1
743,SAND,2,1
744,SEX,2,1
745,PEAK,2,1
746,FLAVORING,2,1
747,GRAINY,2,1
748,LOOKING,2,1
749,DISTRIBUTED,2,1
750,COARSELY,2,1
751,SHAGGY,2,1
752,LAYERED,2,1
753,SNUGLY,2,1
754,SHELLED,2,1
755,BUCKET,2,1
756,MANGO,2,1
757,GIANT,2,1
758,TRIM,2,1
759,REQUIRE,2,1
760,BUN,2,1
761,KNEADING,2,1
762,ACTING,2,1
763,BUTTON,2,1
764,BITTERSWEET,2,1
765,DISTRIBUTE,2,1
766,JOURNEY,2,1
767,GRATER,2,1
768,GIRL,2,1
769,SNACK,2,1
770,TASTED,2,1
771,BURST,2,1
772,SCHOOL,2,1
773,BICARBONATE,2,1
774,SEEDLESS,2,1
775,HALO,2,1
776,UNCOOKED,2,1
777,CRACKING,2,1
778,SUMMERTIME,2,1
779,DEFLATE,2,1
780,INDIRECT,2,1
781,ATTACH,2,1
782,SOAKING,2,1
783,FRONT,2,1
784,SWIRL,2,1
785,GALA,2,1
786,SPINACH,2,1
787,SPRINKLING,2,1
788,BLENDING,2,1
789,QUALITY,2,1
790,SALTY,2,1
791,BRAIDED,2,1
792,TEAPOT,2,1
793,SLOW,2,1
794,DESCRIPTION,2,1
795,STOPPING,2,1
796,TIER,2,1
797,BRIGHT,2,1
798,BALLER,2,1
799,BENCH,2,1
800,UPRIGHT,2,1
801,TOSSING,2,1
802,CRUNCHY,2,1
803,VISIBLE,2,1
804,STORAGE,2,1
805,TASTING,2,1
806,SUGARED,2,1
807,INSPIRATION,2,1
808,LINING,2,1
809,EFFECT,2,1
810,BROILER,2,1
811,AIRY,2,1
812,TARTNESS,2,1
813,CHURN,2,1
814,SUNDAE,2,1
815,ROUGH,2,1
816,OVERHANG,2,1
817,TESTED,2,1
818,MESS,2,1
819,RELAX,2,1
820,TRULY,2,1
821,SOUND,2,1
822,INTERNAL,2,1
823,COMBINING,2,1
824,RISING,2,1
825,SHOULDNT,2,1
826,ABLE,2,1
827,TWICE,2,1
828,INDEX,2,1
829,TIGHT,2,1
830,POST,2,1
831,BODY,2,1
832,BALSAMIC,2,1
833,PLIABLE,2,1
834,ENDED,2,1
835,SAUTE,2,1
836,CRIMP,2,1
837,UNCOVER,2,1
838,TAMPER,2,1
839,ALTERNATE,2,1
840,REMOVABLE,2,1
841,BRICK,2,1
842,GENEROUS,2,1
843,SUGARY,2,1
844,COLANDER,2,1
845,CORED,2,1
846,WARMED,2,1
847,GINGERBREAD,2,1
848,SPICED,2,1
849,MOLASSES,2,1
850,STRAIN,2,1
851,TOFFEE,2,1
852,FRAGRANT,2,1
853,EAGLE,2,1
854,HOOK,2,1
855,DOG,2,1
856,SHAKEN,2,1
857,OVERCOOK,2,1
858,CONVENTIONAL,2,1
859,ALLERGY,2,1
860,AWESOMENESS,2,1
861,HAZELNUT,2,1
862,GRAPE,2,1
863,PIERCE,2,1
864,DIRECTED,2,1
865,MILKY,2,1
866,HEATPROOF,2,1
867,MOSTLY,2,1
868,PARTIALLY,2,1
869,SHORTBREAD,2,1
870,OVERWORK,2,1
871,LOADED,2,1
872,UPPER,2,1
873,CHUNK,2,1
874,STEAM,2,1
875,BRITTLE,2,1
876,CRACKED,2,1
877,LATER,2,1
878,HUMIDITY,2,1
879,MUSHY,2,1
880,SAVED,2,1
881,PARING,2,1
882,BEAUTIFUL,2,1
883,FASHIONED,2,1
884,BASTING,2,1
885,CLOVE,2,1
886,AUTUMN,2,1
887,HOUGH,2,1
888,FUSS,2,1
889,FLUFF,2,1
890,FREEMAN,2,1
891,CHOLESTEROL,2,1
892,EXCEPT,2,1
893,PROVIDE,2,1
894,DOUGHY,2,1
895,COLORED,2,1
896,HANDLING,2,1
897,BRAN,2,1
898,THEYLL,2,1
899,JIGGLY,2,1
900,SATISFY,2,1
901,GATHER,2,1
902,LAUGHTER,2,1
903,THINNER,2,1
904,SNUG,2,1
905,JOY,2,1
906,DRYING,2,1
907,FORMING,2,1
908,STAMP,2,1
909,PER,2,1
910,LAYING,2,1
911,OVERBAKE,2,1
912,CACAO,2,1
913,EM,2,1
914,TWISTING,2,1
915,PERIOD,2,1
916,SKINNY,2,1
917,IMMERSION,2,1
918,SKIP,2,1
919,FLAME,2,1
920,UNDERNEATH,2,1
921,UNIFORM,2,1
922,PROOF,2,1
923,FORMED,2,1
924,HOPE,2,1
925,WHISKEY,2,1
926,MOTION,2,1
927,RENDER,2,1
928,RESEMBLE,2,1
929,TRIPLE,2,1
930,MARASCHINO,2,1
931,DRAPE,2,1
932,WONDERFUL,2,1
933,TORCH,2,1
934,EXPANDED,2,1
935,EVERYONE,2,1
936,NEVER,2,1
937,PREFERABLY,2,1
938,PACKET,2,1
939,GUESS,2,1
940,SMOKE,2,1
941,OVERBEAT,2,1
942,AFTERNOON,2,1
943,SKINNED,2,1
944,CLEANLY,2,1
945,SPARKLING,2,1
946,RUSH,1,1
947,TEPID,1,1
948,SLASH,1,1
949,USUAL,1,1
950,SELECT,1,1
951,ALE,1,1
952,GRAPEFRUIT,1,1
953,BODIED,1,1
954,GOLD,1,1
955,PRESENTATION,1,1
956,SMART,1,1
957,ROLLABLE,1,1
958,SPIKED,1,1
959,GROWN,1,1
960,INSPIRED,1,1
961,SHALLOW,1,1
962,PREMIUM,1,1
963,SCISSOR,1,1
964,HARDEN,1,1
965,ESSENCE,1,1
966,STAGE,1,1
967,SAT,1,1
968,SLIVER,1,1
969,BRIEFLY,1,1
970,TRICKLE,1,1
971,BRISKLY,1,1
972,SUBTLE,1,1
973,THICKENER,1,1
974,LOST,1,1
975,WAR,1,1
976,SCORCHED,1,1
977,TESTER,1,1
978,ULTRA,1,1
979,ROTATED,1,1
980,OVERWHELM,1,1
981,BOY,1,1
982,WASHED,1,1
983,CRAP,1,1
984,HOMOGENEOUS,1,1
985,SYRUPY,1,1
986,ZAG,1,1
987,OPTION,1,1
988,NEEDY,1,1
989,ZIG,1,1
990,UNEXPECTED,1,1
991,MILL,1,1
992,SCISSORS,1,1
993,SHRINK,1,1
994,SNIP,1,1
995,CATCH,1,1
996,SCRATCH,1,1
997,WRAPPING,1,1
998,CLEAR,1,1
999,BLITZ,1,1
1000,DICE,1,1
1001,COUNTLESS,1,1
1002,GOT,1,1
1003,EXPLORE,1,1
1004,ANYWAYS,1,1
1005,POSSIBILITY,1,1
1006,SWAP,1,1
1007,WHATEVER,1,1
1008,SAY,1,1
1009,WEATHER,1,1
1010,SPUN,1,1
1011,THIRTY,1,1
1012,MAINTAIN,1,1
1013,STOUT,1,1
1014,SPLITTING,1,1
1015,BERRY,1,1
1016,QUAKER,1,1
1017,MARGIN,1,1
1018,ENCOURAGE,1,1
1019,ACCESS,1,1
1020,TYPE,1,1
1021,SHERBET,1,1
1022,UNSURE,1,1
1023,ATOP,1,1
1024,ZIPPY,1,1
1025,MINE,1,1
1026,HANGING,1,1
1027,HAPPY,1,1
1028,COMPACT,1,1
1029,EL,1,1
1030,PLEASING,1,1
1031,PALATE,1,1
1032,SAVORED,1,1
1033,PARFAIT,1,1
1034,RECTANGULAR,1,1
1035,MOISTEN,1,1
1036,SEED,1,1
1037,OPT,1,1
1038,DATE,1,1
1039,DISTANCE,1,1
1040,INDIVIDUALLY,1,1
1041,COMING,1,1
1042,KIND,1,1
1043,CHEF,1,1
1044,LID,1,1
1045,MARBLE,1,1
1046,CHOPSTICK,1,1
1047,HALE,1,1
1048,TESTING,1,1
1049,PUPPY,1,1
1050,PAINT,1,1
1051,CRAFT,1,1
1052,FUTURE,1,1
1053,CAT,1,1
1054,MOTHER,1,1
1055,EXPOSED,1,1
1056,PERIMETER,1,1
1057,SCALLOP,1,1
1058,ANYTHING,1,1
1059,TRANSFERRING,1,1
1060,BOILED,1,1
1061,ENDLESS,1,1
1062,NEAT,1,1
1063,RIDGE,1,1
1064,LOVELY,1,1
1065,BLOT,1,1
1066,CHEESY,1,1
1067,PLUMP,1,1
1068,ADORABLE,1,1
1069,SHORTER,1,1
1070,UNDERCOOK,1,1
1071,REPLACER,1,1
1072,CLOTH,1,1
1073,MIST,1,1
1074,VIRTUALLY,1,1
1075,DECREASE,1,1
1076,UNFOLDED,1,1
1077,SWAPPING,1,1
1078,BARELY,1,1
1079,HORIZONTALLY,1,1
1080,UNFOLD,1,1
1081,MOCHA,1,1
1082,TUBE,1,1
1083,FOREFINGER,1,1
1084,FEED,1,1
1085,ELEMENT,1,1
1086,DRAWER,1,1
1087,RESTING,1,1
1088,SEPARATING,1,1
1089,LOOSEN,1,1
1090,LATTICE,1,1
1091,RUBBED,1,1
1092,CAROB,1,1
1093,SCENTED,1,1
1094,PET,1,1
1095,AERATE,1,1
1096,DEVELOP,1,1
1097,DRAW,1,1
1098,STRUCTURE,1,1
1099,CONTINUOUSLY,1,1
1100,TEMPER,1,1
1101,DECORATIVELY,1,1
1102,TRIANGULAR,1,1
1103,VESSEL,1,1
1104,WHICHEVER,1,1
1105,CLOSER,1,1
1106,REPAIR,1,1
1107,UNWRAP,1,1
1108,BAKERY,1,1
1109,YAM,1,1
1110,LASTLY,1,1
1111,DELIGHT,1,1
1112,CLIP,1,1
1113,DISC,1,1
1114,MAN,1,1
1115,GLOSSY,1,1
1116,MEN,1,1
1117,LUNCH,1,1
1118,EVERYTHING,1,1
1119,UNDISTURBED,1,1
1120,COURSE,1,1
1121,STRING,1,1
1122,SOFTLY,1,1
1123,ELEGANT,1,1
1124,CHILE,1,1
1125,FORTUNATELY,1,1
1126,SPELT,1,1
1127,REDISTRIBUTE,1,1
1128,CHOOSING,1,1
1129,FRUITY,1,1
1130,SATISFYING,1,1
1131,SUBSTITUTION,1,1
1132,SCOUT,1,1
1133,GUEST,1,1
1134,WONDERFULLY,1,1
1135,SAVE,1,1
1136,CONTINUALLY,1,1
1137,KISS,1,1
1138,MOUSE,1,1
1139,SETTING,1,1
1140,THANKS,1,1
1141,FURIOUSLY,1,1
1142,SLICK,1,1
1143,WRITE,1,1
1144,NESTLING,1,1
1145,SPURT,1,1
1146,RAISIN,1,1
1147,DELICIOUSLY,1,1
1148,HISTORIAN,1,1
1149,ESSENTIALLY,1,1
1150,HEART,1,1
1151,SUGGEST,1,1
1152,SOUPY,1,1
1153,GENIUS,1,1
1154,CRAVING,1,1
1155,PINCHING,1,1
1156,OFFSET,1,1
1157,CYLINDER,1,1
1158,LEMONY,1,1
1159,REPERTOIRE,1,1
1160,EXCESSIVE,1,1
1161,NEEDING,1,1
1162,DETAILED,1,1
1163,STEEP,1,1
1164,SCORCHING,1,1
1165,VARIATION,1,1
1166,PIONEER,1,1
1167,WOMAN,1,1
1168,BOTTOMED,1,1
1169,FRONTIER,1,1
1170,SODIUM,1,1
1171,URGE,1,1
1172,DARN,1,1
1173,RESIST,1,1
1174,PEAR,1,1
1175,DIG,1,1
1176,HEAVEN,1,1
1177,SPACING,1,1
1178,SCRAPED,1,1
1179,PIERCED,1,1
1180,TASTY,1,1
1181,SPENCER,1,1
1182,CLASP,1,1
1183,COLLECT,1,1
1184,RUSTIC,1,1
1185,TRUST,1,1
1186,CHARM,1,1
1187,BLISS,1,1
1188,PHOTO,1,1
1189,TUTORIAL,1,1
1190,MATTE,1,1
1191,BLIND,1,1
1192,SHIELD,1,1
1193,ANGLE,1,1
1194,JAGGED,1,1
1195,CLOSELY,1,1
1196,POWERED,1,1
1197,PERIODICALLY,1,1
1198,IVORY,1,1
1199,UNMOLD,1,1
1200,ARENT,1,1
1201,FIGURE,1,1
1202,LENGTH,1,1
1203,GROW,1,1
1204,MUSE,1,1
1205,UNFORGETTABLE,1,1
1206,PEELING,1,1
1207,EVENING,1,1
1208,BUTTERNUT,1,1
1209,LACED,1,1
1210,DISSOLVING,1,1
1211,CAUSING,1,1
1212,FORTH,1,1
1213,DIE,1,1
1214,BUMMER,1,1
1215,FINAL,1,1
1216,REPLACE,1,1
1217,CLING,1,1
1218,WALK,1,1
1219,REMOVED,1,1
1220,UNDO,1,1
1221,SWITCH,1,1
1222,SOMEONE,1,1
1223,PLAN,1,1
1224,SLIDING,1,1
1225,HOLDING,1,1
1226,PRESSURE,1,1
1227,GHOST,1,1
1228,CUTE,1,1
1229,REMINISCENT,1,1
1230,BREW,1,1
1231,SKI,1,1
1232,LODGE,1,1
1233,NOG,1,1
1234,ACTIVATE,1,1
1235,PROCEEDING,1,1
1236,OVERLY,1,1
1237,SMOOTHLY,1,1
1238,STRAINING,1,1
1239,PROPER,1,1
1240,STRAINED,1,1
1241,UNDERSIDE,1,1
1242,SUPERFINE,1,1
1243,DELICIOUSNESS,1,1
1244,LOOSE,1,1
1245,REHYDRATE,1,1
1246,POURING,1,1
1247,PREP,1,1
1248,SKINNING,1,1
1249,SEARCHING,1,1
1250,DISPERSED,1,1
1251,HAYSTACK,1,1
1252,FIRMER,1,1
1253,FORGET,1,1
1254,SHELF,1,1
1255,ENTIRELY,1,1
1256,ROSETTE,1,1
1257,DESPERATELY,1,1
1258,SEEKING,1,1
1259,SENSATIONAL,1,1
1260,TANTALIZE,1,1
1261,EGGY,1,1
1262,FAIRLY,1,1
1263,PUFFY,1,1
1264,WOW,1,1
1265,CELEBRATION,1,1
1266,INVITE,1,1
1267,GOSSIP,1,1
1268,SIFTER,1,1
1269,FLEXIBLE,1,1
1270,WIPE,1,1
1271,HANDLE,1,1
1272,BARE,1,1
1273,TOWN,1,1
1274,PAYING,1,1
1275,HOMAGE,1,1
1276,BELOVED,1,1
1277,PEASY,1,1
1278,MENTION,1,1
1279,SOMETHING,1,1
1280,EXPECT,1,1
1281,INTRIGUING,1,1
1282,TOOTH,1,1
1283,HEAP,1,1
1284,SPICY,1,1
1285,STUFF,1,1
1286,RING,1,1
1287,SORTED,1,1
1288,NIGHT,1,1
1289,BUNDLE,1,1
1290,REPEATEDLY,1,1
1291,TILT,1,1
1292,TELL,1,1
1293,INWARD,1,1
1294,GUILT,1,1
1295,ENVELOPE,1,1
1296,BURRITO,1,1
1297,TUCKING,1,1
1298,SHOWING,1,1
1299,SMOKING,1,1
1300,WHOLESOME,1,1
1301,GOODNESS,1,1
1302,SQUEEZING,1,1
1303,UNBUTTERED,1,1
1304,TEMPLATE,1,1
1305,MOON,1,1
1306,GUARD,1,1
1307,HALVE,1,1
1308,FLESH,1,1
1309,RIND,1,1
1310,SLIT,1,1
1311,ESCAPE,1,1
1312,LAP,1,1
1313,OATMEAL,1,1
1314,HUGE,1,1
1315,HASH,1,1
1316,HOUSE,1,1
1317,CREDIT,1,1
1318,DISAPPEAR,1,1
1319,GAVOTTE,1,1
1320,CRUNCH,1,1
1321,INFUSE,1,1
1322,SOLIDIFY,1,1
1323,SHAKY,1,1
1324,VERSUS,1,1
1325,FLUTED,1,1
1326,NOTICE,1,1
1327,MOUND,1,1
1328,OUTWARDS,1,1
1329,BREAKING,1,1
1330,FLATTENING,1,1
1331,CURL,1,1
1332,AL,1,1
1333,HUE,1,1
1334,AFFECT,1,1
1335,RIDICULOUSLY,1,1
1336,TYPICAL,1,1
1337,BOUNCE,1,1
1338,TOUCHED,1,1
1339,ALTERNATING,1,1
1340,OPTIMAL,1,1
1341,BAGGIE,1,1
1342,RIFF,1,1
1343,REMAINS,1,1
1344,DOWNWARD,1,1
1345,SUNKEN,1,1
1346,TOTALLY,1,1
1347,SELF,1,1
1348,RAISING,1,1
1349,WHILST,1,1
1350,DECORATIVE,1,1
1351,IDEAL,1,1
1352,APPEARANCE,1,1
1353,TANGY,1,1
1354,WIGGLE,1,1
1355,CONTROL,1,1
1356,CRATER,1,1
1357,RESEAL,1,1
1358,SPRINKLED,1,1
1359,BITING,1,1
1360,ENDING,1,1
1361,FUJI,1,1
1362,STEVIA,1,1
1363,RINSE,1,1
1364,ZESTY,1,1
1365,FLOAT,1,1
1366,LISTED,1,1
1367,CHUNKY,1,1
1368,WEB,1,1
1369,FLESHY,1,1
1370,PAPAYA,1,1
1371,NONFAT,1,1
1372,FRO,1,1
1373,YO,1,1
1374,OVERFLOW,1,1
1375,SOMEWHERE,1,1
1376,UNBAKED,1,1
1377,STIFFEN,1,1
1378,VIBRANT,1,1
1379,FROSTED,1,1
1380,ADVANCED,1,1
1381,TECHNIQUE,1,1
1382,PICTURED,1,1
1383,VINTAGE,1,1
1384,SWEETENER,1,1
1385,INNER,1,1
1386,UNFORTUNATELY,1,1
1387,LOCKED,1,1
1388,POINTED,1,1
1389,HORIZONTAL,1,1
1390,SPOT,1,1
1391,DELIGHTFULLY,1,1
1392,BOUGHT,1,1
1393,APPETIZER,1,1
1394,SALAD,1,1
1395,BEAUTIFULLY,1,1
1396,LUMPY,1,1
1397,FOAMING,1,1
1398,STURDY,1,1
1399,DIMPLE,1,1
1400,BEFOREHAND,1,1
1401,BARBECUE,1,1
1402,ARTISAN,1,1
1403,CRUSH,1,1
1404,SHADE,1,1
1405,JOIN,1,1
1406,REACH,1,1
1407,AISLE,1,1
1408,BAIN,1,1
1409,WORSE,1,1
1410,LEAK,1,1
1411,LOCK,1,1
1412,INTERFERE,1,1
1413,CHANGE,1,1
1414,WATERY,1,1
1415,STEAMY,1,1
1416,TRIED,1,1
1417,RIBBON,1,1
1418,DIRECT,1,1
1419,WATERTIGHT,1,1
1420,MUS,1,1
1421,SCANT,1,1
1422,UN,1,1
1423,SPLATTER,1,1
1424,BURNER,1,1
1425,HEALTH,1,1
1426,GORGE,1,1
1427,STRAW,1,1
1428,GIVEAWAY,1,1
1429,TIMER,1,1
1430,EXPAND,1,1
1431,SCRAMBLE,1,1
1432,OPPOSITE,1,1
1433,SUPPLE,1,1
1434,SOON,1,1
1435,KETTLE,1,1
1436,LADLE,1,1
1437,RAMEKIN,1,1
1438,ABUNDANCE,1,1
1439,SERIES,1,1
1440,MUDDY,1,1
1441,VEGETARIAN,1,1
1442,MONSTER,1,1
1443,PAW,1,1
1444,SUNNY,1,1
1445,BRIDAL,1,1
1446,THOROUGH,1,1
1447,BET,1,1
1448,FIZZ,1,1
1449,DECLARE,1,1
1450,TUNNEL,1,1
1451,NARROW,1,1
1452,MESH,1,1
1453,DOUGHNUT,1,1
1454,READER,1,1
1455,SCRUMPTIOUS,1,1
1456,PRESIDENT,1,1
1457,LIFETIME,1,1
1458,BOUNCING,1,1
1459,MEANING,1,1
1460,ACHIEVE,1,1
1461,FEELING,1,1
1462,BRAIDING,1,1
1463,EASIEST,1,1
1464,MANAGE,1,1
1465,INDENTATION,1,1
1466,JEWELRY,1,1
1467,DECORATED,1,1
1468,ALTERNATIVE,1,1
1469,HIGHER,1,1
1470,BRUSHING,1,1
1471,PROTECTIVE,1,1
1472,SPUTTERING,1,1
1473,SMELL,1,1
1474,PLUNGE,1,1
1475,SCORCH,1,1
1476,GRIND,1,1
1477,HOMOGENOUS,1,1
1478,FINANCIER,1,1
1479,MEMOIR,1,1
1480,SOUFFLE,1,1
1481,BUNT,1,1
1482,SHINY,1,1
1483,PLAY,1,1
1484,POWDERY,1,1
1485,UNPROCESSED,1,1
1486,SMOOTHER,1,1
1487,MINIMAL,1,1
1488,SCORE,1,1
1489,GRATE,1,1
1490,DOT,1,1
1491,SIDED,1,1
1492,DRINKING,1,1
1493,MONTH,1,1
1494,DINNER,1,1
1495,BONUS,1,1
1496,OBJECT,1,1
1497,BLOW,1,1
1498,KELLY,1,1
1499,APPEAL,1,1
1500,MOUTHED,1,1
1501,CHAMPAGNE,1,1
1502,DIAGONALLY,1,1
1503,WARNING,1,1
1504,HUMBLE,1,1
1505,REFRESHING,1,1
1506,TRUTHFULLY,1,1
1507,MARRY,1,1
